Time;ETH / Realized Market Cap (USD)
2015-07-30;0
2015-07-31;0
2015-08-01;0
2015-08-02;0
2015-08-03;0
2015-08-04;0
2015-08-05;0
2015-08-06;0
2015-08-07;0
2015-08-08;15004648.395467112
2015-08-09;17784185.661488015
2015-08-10;18781375.929245416
2015-08-11;18691143.03031576
2015-08-12;19836901.841488563
2015-08-13;22435295.688574735
2015-08-14;23944152.832940146
2015-08-15;29244297.675601147
2015-08-16;29373394.191504788
2015-08-17;24678554.549575917
2015-08-18;24982878.23828573
2015-08-19;25875465.570335742
2015-08-20;27725043.036267363
2015-08-21;27631832.494650763
2015-08-22;27929833.37807639
2015-08-23;28086536.4089084
2015-08-24;27778736.69918479
2015-08-25;28177358.815900613
2015-08-26;28028408.17718673
2015-08-27;27901450.274536647
2015-08-28;28601012.552956495
2015-08-29;28436543.41024135
2015-08-30;29092923.088965587
2015-08-31;29111665.198973596
2015-09-01;29888016.028420355
2015-09-02;29689046.544602938
2015-09-03;29525180.532223713
2015-09-04;29642562.800929654
2015-09-05;30149349.618762672
2015-09-06;30217814.355689064
2015-09-07;30078957.541402567
2015-09-08;30178453.125346232
2015-09-09;31164600.632861312
2015-09-10;31088624.26813058
2015-09-11;30135880.86026814
2015-09-12;31196120.0105898
2015-09-13;30154131.130066503
2015-09-14;30460216.79625842
2015-09-15;27656223.223862007
2015-09-16;27665025.665369455
2015-09-17;27431706.61371314
2015-09-18;27365018.51571128
2015-09-19;27618244.671157993
2015-09-20;27929618.831346426
2015-09-21;27994090.55310025
2015-09-22;27465822.990217414
2015-09-23;27946370.905902673
2015-09-24;27549998.50506916
2015-09-25;27264455.884176
2015-09-26;27680407.01127297
2015-09-27;27509926.07946596
2015-09-28;27190068.36909444
2015-09-29;27647692.55165951
2015-09-30;27853637.67144541
2015-10-01;27651889.41365643
2015-10-02;27747807.113632403
2015-10-03;27826966.552633226
2015-10-04;25432862.155741565
2015-10-05;25440685.996076535
2015-10-06;25666542.852652937
2015-10-07;25468477.695413087
2015-10-08;25702691.903468743
2015-10-09;25773839.349943418
2015-10-10;25813157.12193613
2015-10-11;25725405.82696211
2015-10-12;25944562.416228577
2015-10-13;25926865.532453492
2015-10-14;25621310.168466035
2015-10-15;24568101.72213754
2015-10-16;24546300.14511186
2015-10-17;24585527.622649174
2015-10-18;24507358.423113
2015-10-19;24723959.07451048
2015-10-20;24700914.91316535
2015-10-21;24763335.389194928
2015-10-22;25530439.039412513
2015-10-23;25776487.79331938
2015-10-24;25767705.50208722
2015-10-25;26053668.628951866
2015-10-26;26503355.34975624
2015-10-27;27762603.862263516
2015-10-28;28480648.02738368
2015-10-29;32649863.97510338
2015-10-30;33005979.15972855
2015-10-31;32292761.096397463
2015-11-01;32666653.24352572
2015-11-02;32568790.30505291
2015-11-03;32859799.095643587
2015-11-04;32138799.482367568
2015-11-05;32507994.44566452
2015-11-06;31447648.93829685
2015-11-07;31130055.093485627
2015-11-08;31396852.523830548
2015-11-09;32127262.893417113
2015-11-10;31989826.045370366
2015-11-11;31493579.23376457
2015-11-12;28492999.65000406
2015-11-13;28528410.377086584
2015-11-14;28503046.098271262
2015-11-15;28649278.57881284
2015-11-16;28369684.525747284
2015-11-17;28923425.354127966
2015-11-18;28946769.0205433
2015-11-19;28727416.169451945
2015-11-20;28691657.04119993
2015-11-21;28875551.68307153
2015-11-22;28960571.37233165
2015-11-23;29184200.43839725
2015-11-24;29234824.679751348
2015-11-25;29117421.237245962
2015-11-26;29726217.301145192
2015-11-27;29477617.837660216
2015-11-28;29617769.82139869
2015-11-29;29451959.784925897
2015-11-30;29469924.452188566
2015-12-01;29418080.48477891
2015-12-02;29312895.310912095
2015-12-03;29423088.471523408
2015-12-04;29489074.863271654
2015-12-05;29646110.86152783
2015-12-06;29498212.16361002
2015-12-07;29423688.154966816
2015-12-08;29454326.326435518
2015-12-09;29521247.97656947
2015-12-10;29676839.541406363
2015-12-11;29998863.2095375
2015-12-12;30288921.11560347
2015-12-13;30179105.367791325
2015-12-14;30788447.745782975
2015-12-15;31056116.55571948
2015-12-16;31502347.53480435
2015-12-17;31950997.713513874
2015-12-18;31821382.572360314
2015-12-19;31845239.94850358
2015-12-20;32191762.02747157
2015-12-21;32040682.212456267
2015-12-22;31927067.970255055
2015-12-23;31889482.27418462
2015-12-24;31916098.516421314
2015-12-25;31918796.694639385
2015-12-26;31893469.442664538
2015-12-27;31995469.615470957
2015-12-28;31835495.89980775
2015-12-29;31963799.684954267
2015-12-30;32120822.64052766
2015-12-31;32462596.924145665
2016-01-01;32363497.583050787
2016-01-02;32509992.927726123
2016-01-03;32594133.193191707
2016-01-04;32593953.641130563
2016-01-05;32568938.773108047
2016-01-06;32539141.306548044
2016-01-07;32493619.246039443
2016-01-08;32726120.110521037
2016-01-09;32701546.279784553
2016-01-10;32869793.142951928
2016-01-11;33249159.768672895
2016-01-12;34142219.70440826
2016-01-13;33971123.191295564
2016-01-14;34145881.20745619
2016-01-15;35041604.16432514
2016-01-16;34843292.91579434
2016-01-17;38018169.364204146
2016-01-18;40139618.02998833
2016-01-19;39722207.48438928
2016-01-20;40356660.47443891
2016-01-21;40638980.77863432
2016-01-22;41074053.307922624
2016-01-23;43122951.56823485
2016-01-24;44465873.07273407
2016-01-25;46684973.21053204
2016-01-26;47194064.27655326
2016-01-27;47553563.10756891
2016-01-28;48527364.912549004
2016-01-29;48843317.776209824
2016-01-30;49682291.99658559
2016-01-31;49034817.503366955
2016-02-01;56014200.32205925
2016-02-02;57394652.878279984
2016-02-03;58287098.29664855
2016-02-04;58763075.73663995
2016-02-05;62318825.33954696
2016-02-06;62321156.281344436
2016-02-07;67011757.981997065
2016-02-08;68812740.45449123
2016-02-09;72523802.58218518
2016-02-10;82691200.01672001
2016-02-11;89568703.42825817
2016-02-12;92919298.23149805
2016-02-13;92894729.59699751
2016-02-14;112242051.80667318
2016-02-15;113388915.04755823
2016-02-16;112184697.64507993
2016-02-17;111415860.93559048
2016-02-18;113802759.3061598
2016-02-19;115524045.56055698
2016-02-20;114917149.48016588
2016-02-21;115988534.78853351
2016-02-22;118630724.86162633
2016-02-23;119273443.88037509
2016-02-24;121057637.65477799
2016-02-25;121893868.46075645
2016-02-26;136655975.3338519
2016-02-27;141128658.10258356
2016-02-28;142457822.05705625
2016-02-29;147337033.5013407
2016-03-01;164988822.30901045
2016-03-02;193585160.79061034
2016-03-03;202273310.84529433
2016-03-04;223231803.14801612
2016-03-05;236398638.88176844
2016-03-06;241309841.03735337
2016-03-07;239331301.5718186
2016-03-08;254767576.21309963
2016-03-09;263483753.3762124
2016-03-10;264111837.96735668
2016-03-11;267034405.4504493
2016-03-12;277625569.4669013
2016-03-13;292282039.1648078
2016-03-14;320934216.69490856
2016-03-15;338353466.4563194
2016-03-16;336515587.5318712
2016-03-17;316852470.9614753
2016-03-18;314370372.3187281
2016-03-19;315112156.97755975
2016-03-20;324019361.1123021
2016-03-21;329302726.3394261
2016-03-22;331715893.72431093
2016-03-23;348471219.66440254
2016-03-24;349354875.05347735
2016-03-25;349773613.91500044
2016-03-26;351031818.10786104
2016-03-27;353937776.96590793
2016-03-28;357676773.5029134
2016-03-29;362768519.1938937
2016-03-30;371576223.1564705
2016-03-31;361771212.1760908
2016-04-01;363031300.09187037
2016-04-02;363615525.37199146
2016-04-03;364251021.4386925
2016-04-04;364165373.8550023
2016-04-05;365295287.2058943
2016-04-06;369376648.9445945
2016-04-07;369689810.4559888
2016-04-08;370200515.0811475
2016-04-09;370066011.12067175
2016-04-10;370506896.75178397
2016-04-11;370214099.3453786
2016-04-12;368021994.818415
2016-04-13;369883119.6114072
2016-04-14;339737321.3458157
2016-04-15;336561324.7824698
2016-04-16;341429273.4389048
2016-04-17;340208125.5943398
2016-04-18;340450520.2130659
2016-04-19;340246378.00213355
2016-04-20;340494038.39268905
2016-04-21;340541630.919669
2016-04-22;340952514.7116192
2016-04-23;343906140.3003655
2016-04-24;343560166.75757873
2016-04-25;343375750.6599253
2016-04-26;343112547.6777332
2016-04-27;343100135.805452
2016-04-28;327702002.8657202
2016-04-29;327138097.8278411
2016-04-30;334365378.6332942
2016-05-01;338246195.09987545
2016-05-02;347599094.23617303
2016-05-03;347369553.6545146
2016-05-04;348149114.125077
2016-05-05;350766833.33141184
2016-05-06;372713316.733378
2016-05-07;374294544.85322714
2016-05-08;377026695.5359812
2016-05-09;377087048.1886854
2016-05-10;378773924.68037665
2016-05-11;393344441.5513163
2016-05-12;398241772.8664777
2016-05-13;416241167.25794613
2016-05-14;424091936.57035166
2016-05-15;435689888.82146275
2016-05-16;460073608.65112346
2016-05-17;475821690.79640144
2016-05-18;511332010.2528384
2016-05-19;538215490.1019905
2016-05-20;529547486.355444
2016-05-21;535439298.41066456
2016-05-22;540237832.2142354
2016-05-23;531568628.82626307
2016-05-24;520743799.80801916
2016-05-25;521632640.1578145
2016-05-26;523085327.263169
2016-05-27;498023571.4791648
2016-05-28;515611304.12694967
2016-05-29;519773179.3409749
2016-05-30;521809857.3187275
2016-05-31;527171284.75150084
2016-06-01;528292372.51179355
2016-06-02;529741043.2250628
2016-06-03;530308608.508375
2016-06-04;553628490.3750391
2016-06-05;558485423.5077555
2016-06-06;560257067.5217505
2016-06-07;572531715.0672082
2016-06-08;578424143.4938778
2016-06-09;579902605.737834
2016-06-10;589507237.0209434
2016-06-11;596190594.7025568
2016-06-12;622411493.0174944
2016-06-13;652538470.6856118
2016-06-14;672415243.2504176
2016-06-15;669172815.4333199
2016-06-16;759448529.3631871
2016-06-17;661767099.5502412
2016-06-18;625902229.3144914
2016-06-19;637779965.5633668
2016-06-20;633763647.00423
2016-06-21;647069260.3870705
2016-06-22;647466088.6672088
2016-06-23;639063924.3111879
2016-06-24;648338687.7709273
2016-06-25;651157859.3575411
2016-06-26;650618877.2704257
2016-06-27;652683581.1657767
2016-06-28;631811602.4334017
2016-06-29;637568798.1083764
2016-06-30;635454421.6385796
2016-07-01;635354453.9637367
2016-07-02;635341877.2114457
2016-07-03;635350817.4503425
2016-07-04;639482740.3678204
2016-07-05;642377416.3278171
2016-07-06;643066598.1382762
2016-07-07;621823522.9078141
2016-07-08;610302489.3832337
2016-07-09;609818333.814379
2016-07-10;615818361.0876853
2016-07-11;610449119.7598436
2016-07-12;611355952.420016
2016-07-13;613001814.176423
2016-07-14;616836815.136877
2016-07-15;633169513.1826116
2016-07-16;630897869.5450834
2016-07-17;627049264.4038788
2016-07-18;626591311.6224786
2016-07-19;645879853.9380987
2016-07-20;650005007.7939459
2016-07-21;656477501.578067
2016-07-22;673914856.5353215
2016-07-23;689968685.743602
2016-07-24;681826745.5313752
2016-07-25;701808349.8684641
2016-07-26;697549157.5656594
2016-07-27;716260365.622402
2016-07-28;708822425.9781901
2016-07-29;718365235.7116681
2016-07-30;714231937.0551147
2016-07-31;705796896.9888588
2016-08-01;692679098.162627
2016-08-02;664793102.7819052
2016-08-03;679503179.3206192
2016-08-04;679093650.2600715
2016-08-05;681293808.6995801
2016-08-06;679840310.458943
2016-08-07;682188295.0748407
2016-08-08;687631410.2153159
2016-08-09;706692050.4048028
2016-08-10;712959012.0534475
2016-08-11;712671364.014992
2016-08-12;713959410.8762305
2016-08-13;712366506.4838938
2016-08-14;711457749.0604581
2016-08-15;711015573.648404
2016-08-16;711683330.6542226
2016-08-17;703648308.9472861
2016-08-18;703157390.725189
2016-08-19;703971628.4576167
2016-08-20;707216116.2949059
2016-08-21;708890091.5022308
2016-08-22;709681918.8241934
2016-08-23;709733890.4256847
2016-08-24;710190884.3152027
2016-08-25;712841176.3917849
2016-08-26;712384110.699993
2016-08-27;713214204.7410655
2016-08-28;712360993.9136496
2016-08-29;713615627.5163612
2016-08-30;714831960.7232298
2016-08-31;716282871.7133996
2016-09-01;719584225.608652
2016-09-02;720761391.3021618
2016-09-03;721167537.1146764
2016-09-04;720876385.2087972
2016-09-05;725662920.8623251
2016-09-06;726485310.5282304
2016-09-07;726189566.7437241
2016-09-08;729583635.1677724
2016-09-09;731085414.7517228
2016-09-10;733426928.0830679
2016-09-11;734156099.5058682
2016-09-12;736598583.3854182
2016-09-13;737558469.168546
2016-09-14;738445750.3260524
2016-09-15;739072933.6082329
2016-09-16;749421293.6641805
2016-09-17;751118748.7948972
2016-09-18;750414900.6447223
2016-09-19;753331288.9480329
2016-09-20;783068174.5104382
2016-09-21;786546929.3830433
2016-09-22;790247490.5022752
2016-09-23;781505491.6850836
2016-09-24;780901819.5303532
2016-09-25;783004336.1853462
2016-09-26;783105908.2949582
2016-09-27;788509134.2608458
2016-09-28;803234292.9686667
2016-09-29;804629049.485446
2016-09-30;809502616.8750358
2016-10-01;811413136.3996242
2016-10-02;812752230.287159
2016-10-03;814640942.5563867
2016-10-04;815317865.9262708
2016-10-05;815723436.781111
2016-10-06;815211293.9312127
2016-10-07;810526838.0352739
2016-10-08;809566445.6205683
2016-10-09;809164485.8502681
2016-10-10;807702871.0448284
2016-10-11;808545594.7296052
2016-10-12;809041169.9011251
2016-10-13;809937253.2779858
2016-10-14;812745883.1412007
2016-10-15;813416859.2562166
2016-10-16;813778222.4806614
2016-10-17;814506031.4681718
2016-10-18;817018910.6984134
2016-10-19;815277495.7796683
2016-10-20;815806950.2117475
2016-10-21;816224059.9507978
2016-10-22;816731027.4777887
2016-10-23;817056939.3561518
2016-10-24;817287040.7033949
2016-10-25;806058360.2278528
2016-10-26;807833092.4672137
2016-10-27;807997019.5699033
2016-10-28;808698896.7629955
2016-10-29;806197837.0165826
2016-10-30;793105720.8743676
2016-10-31;792072299.9102613
2016-11-01;792535928.3482679
2016-11-02;793109928.5056757
2016-11-03;793724379.1153547
2016-11-04;794815999.1056391
2016-11-05;794619671.7443681
2016-11-06;794402082.994359
2016-11-07;793618319.3102032
2016-11-08;793680845.1859678
2016-11-09;793087166.7623107
2016-11-10;792594595.830931
2016-11-11;786936740.124602
2016-11-12;785186968.1822616
2016-11-13;785262769.7372545
2016-11-14;784958952.0204843
2016-11-15;784689954.8754157
2016-11-16;783523474.8291591
2016-11-17;782703822.2680353
2016-11-18;781535716.2593315
2016-11-19;781965121.9388628
2016-11-20;780345633.8145995
2016-11-21;779029675.1427267
2016-11-22;779401176.1002316
2016-11-23;779239908.0493286
2016-11-24;776785641.7679511
2016-11-25;777683415.4121118
2016-11-26;777035971.5727185
2016-11-27;775949859.1930702
2016-11-28;774935842.0448232
2016-11-29;772975692.7692112
2016-11-30;775246302.0783275
2016-12-01;774201118.7051123
2016-12-02;771115787.8555472
2016-12-03;744905809.4556842
2016-12-04;743151534.6367127
2016-12-05;739169279.9258521
2016-12-06;740872972.3072089
2016-12-07;747532318.151492
2016-12-08;745623298.6482368
2016-12-09;746142383.3304673
2016-12-10;744816397.312064
2016-12-11;745746819.7339606
2016-12-12;747668179.4090635
2016-12-13;744815791.0404937
2016-12-14;744445204.8345209
2016-12-15;743670803.5918391
2016-12-16;742841112.1975371
2016-12-17;738109322.3338073
2016-12-18;738502136.5833308
2016-12-19;735560523.9275733
2016-12-20;735868754.0790057
2016-12-21;736430941.1671554
2016-12-22;735216857.0955241
2016-12-23;728343742.7134523
2016-12-24;728677537.7154319
2016-12-25;729335170.2621759
2016-12-26;729169953.8453585
2016-12-27;728272224.7210733
2016-12-28;730434023.4936349
2016-12-29;733999197.1323594
2016-12-30;735542286.3218724
2016-12-31;735741937.9739071
2017-01-01;734673672.3191398
2017-01-02;736035521.0723714
2017-01-03;741146428.9597936
2017-01-04;749721286.811464
2017-01-05;748266829.1675627
2017-01-06;749905376.3065546
2017-01-07;762108109.4370013
2017-01-08;764238598.7034165
2017-01-09;769785935.6652186
2017-01-10;771156606.646562
2017-01-11;769409716.6041999
2017-01-12;765030693.9349598
2017-01-13;765576543.4285574
2017-01-14;766254612.392721
2017-01-15;767132407.8911372
2017-01-16;767634507.0362278
2017-01-17;773144458.0527984
2017-01-18;773598120.6877542
2017-01-19;775321587.3697475
2017-01-20;772413519.4564433
2017-01-21;773931766.3130971
2017-01-22;774421795.6106569
2017-01-23;775361515.7802365
2017-01-24;775241533.9146204
2017-01-25;775316727.014877
2017-01-26;776125290.9908764
2017-01-27;776099379.8481101
2017-01-28;776584980.1801974
2017-01-29;778173902.1435716
2017-01-30;778622889.7477409
2017-01-31;779645308.2808608
2017-02-01;780209634.1940475
2017-02-02;787770753.9535835
2017-02-03;788197014.0414447
2017-02-04;790946392.469013
2017-02-05;791381946.1844186
2017-02-06;792257326.5969677
2017-02-07;793607450.5959004
2017-02-08;795403636.355081
2017-02-09;794726191.8628246
2017-02-10;799883913.8824863
2017-02-11;801322004.6907887
2017-02-12;802294828.4109008
2017-02-13;802443444.0977453
2017-02-14;810468301.2607344
2017-02-15;816530612.589211
2017-02-16;834034453.4383488
2017-02-17;835144125.7486153
2017-02-18;836854256.4186693
2017-02-19;837516720.2959267
2017-02-20;839026077.1368902
2017-02-21;840934604.7440226
2017-02-22;841332595.6955227
2017-02-23;843570868.9978434
2017-02-24;844901116.4255166
2017-02-25;847059284.7701668
2017-02-26;852608209.7429471
2017-02-27;879043681.7711437
2017-02-28;884572537.1802795
2017-03-01;896950946.4051796
2017-03-02;965349979.2144426
2017-03-03;982643338.0568928
2017-03-04;981725296.6264741
2017-03-05;985503246.0372814
2017-03-06;991754149.2990825
2017-03-07;988741269.6276175
2017-03-08;970099696.7905388
2017-03-09;982661871.1771946
2017-03-10;992241997.0153664
2017-03-11;1005408207.5534558
2017-03-12;1017033254.1647991
2017-03-13;1086532404.8741024
2017-03-14;1187275487.0540936
2017-03-15;1238709728.7956991
2017-03-16;1387828169.4154165
2017-03-17;1476148941.5162663
2017-03-18;1414089278.5574648
2017-03-19;1473543250.2885988
2017-03-20;1499744962.9478335
2017-03-21;1526976628.0161812
2017-03-22;1528554374.093905
2017-03-23;1553273662.5242183
2017-03-24;1619183085.6061
2017-03-25;1629028516.8786054
2017-03-26;1652848304.4568405
2017-03-27;1769723565.8599575
2017-03-28;1796536339.867852
2017-03-29;1940951214.4380267
2017-03-30;2156721240.839418
2017-03-31;2176575330.4523935
2017-04-01;2197357275.9123406
2017-04-02;2198611999.0362916
2017-04-03;2136694904.6956499
2017-04-04;2143160822.9479396
2017-04-05;2165819984.3717003
2017-04-06;2216562814.3657064
2017-04-07;2216531870.7177486
2017-04-08;2229279151.7699738
2017-04-09;2233348148.7731056
2017-04-10;2239264820.4121842
2017-04-11;2249848895.973714
2017-04-12;2267889162.8744926
2017-04-13;2291774458.166772
2017-04-14;2294653528.3044195
2017-04-15;2303973236.141402
2017-04-16;2306335209.8681316
2017-04-17;2308167899.478055
2017-04-18;2319268036.481981
2017-04-19;2328896736.685586
2017-04-20;2368990854.300268
2017-04-21;2369905973.4272656
2017-04-22;2373333652.2522407
2017-04-23;2378975920.95831
2017-04-24;2415586494.8309927
2017-04-25;2425327708.484188
2017-04-26;2466004205.691652
2017-04-27;2513005243.0898814
2017-04-28;2617845550.0923624
2017-04-29;2667469052.740468
2017-04-30;2867853599.1616774
2017-05-01;3034258693.311729
2017-05-02;3119500702.7673497
2017-05-03;3171962111.077532
2017-05-04;3345162627.5774493
2017-05-05;3538731567.2340817
2017-05-06;3614269923.9287367
2017-05-07;3600873081.0704546
2017-05-08;3663449495.2839894
2017-05-09;3880572343.2689424
2017-05-10;3903556312.031254
2017-05-11;3925405445.7957892
2017-05-12;3948266503.4059744
2017-05-13;3966376685.8409543
2017-05-14;3989555123.4479895
2017-05-15;4040125650.3865523
2017-05-16;4063528676.0392237
2017-05-17;4102742706.504036
2017-05-18;4174959741.374582
2017-05-19;4402814925.89551
2017-05-20;4496147520.621005
2017-05-21;5093732190.029237
2017-05-22;5357718768.187046
2017-05-23;5585276157.392991
2017-05-24;5920556120.739493
2017-05-25;6091357233.5058565
2017-05-26;6181229590.306999
2017-05-27;6508540801.379289
2017-05-28;6634764130.348028
2017-05-29;6884280830.439647
2017-05-30;7355313440.483984
2017-05-31;7808166439.849525
2017-06-01;7884729660.753722
2017-06-02;7975863450.472754
2017-06-03;8308434573.8867855
2017-06-04;8501993692.391074
2017-06-05;8763228535.084747
2017-06-06;8979444656.229008
2017-06-07;9138666677.305872
2017-06-08;9265227730.60556
2017-06-09;9509075120.454916
2017-06-10;10137985180.47074
2017-06-11;10438751720.455755
2017-06-12;12491680819.634943
2017-06-13;13054662349.477386
2017-06-14;13146794282.623713
2017-06-15;13292766335.78439
2017-06-16;13433997066.274164
2017-06-17;13799919545.893782
2017-06-18;13881868235.918018
2017-06-19;14059595961.089529
2017-06-20;14294010373.801601
2017-06-21;14269960572.322792
2017-06-22;14714979440.026361
2017-06-23;14813021644.52915
2017-06-24;14823625618.118423
2017-06-25;14676314037.06089
2017-06-26;14359659501.924358
2017-06-27;14425408766.088907
2017-06-28;14652678754.871574
2017-06-29;15047827725.609919
2017-06-30;14810770752.014872
2017-07-01;14833551025.226057
2017-07-02;14787939465.718634
2017-07-03;14770724003.008486
2017-07-04;14729250664.591589
2017-07-05;14762834613.055622
2017-07-06;14769423934.385925
2017-07-07;14669074497.662449
2017-07-08;14687195345.289408
2017-07-09;14639333700.341072
2017-07-10;14337994469.897095
2017-07-11;14177734917.334396
2017-07-12;13840053203.547106
2017-07-13;13599731768.372137
2017-07-14;13500658342.10572
2017-07-15;13391649271.711836
2017-07-16;13047400833.450981
2017-07-17;13126464184.179747
2017-07-18;13426803297.079052
2017-07-19;13169370168.973524
2017-07-20;13342515938.638304
2017-07-21;13335336905.372246
2017-07-22;13463462811.125679
2017-07-23;13547840346.434576
2017-07-24;13549733943.358746
2017-07-25;13492151403.890089
2017-07-26;13454677989.19894
2017-07-27;13422621304.851261
2017-07-28;13350042652.279171
2017-07-29;13446354973.61176
2017-07-30;13419757375.905571
2017-07-31;13388345876.78828
2017-08-01;13422762143.801376
2017-08-02;13424395986.333838
2017-08-03;13408309224.177416
2017-08-04;13408459960.12103
2017-08-05;13573059162.131983
2017-08-06;13716681781.250422
2017-08-07;13997628441.18717
2017-08-08;14175270735.937923
2017-08-09;14591361037.992146
2017-08-10;14837444114.383701
2017-08-11;15075741201.88819
2017-08-12;15131391150.405655
2017-08-13;15115002530.445896
2017-08-14;15158328954.434092
2017-08-15;15173536307.514439
2017-08-16;15356232940.727386
2017-08-17;15446508424.721424
2017-08-18;15447948059.103859
2017-08-19;15479066317.839441
2017-08-20;15561482387.020777
2017-08-21;15787078660.038624
2017-08-22;15838777426.144598
2017-08-23;15931609710.254652
2017-08-24;16118268592.22372
2017-08-25;16281832237.571926
2017-08-26;16342229863.603617
2017-08-27;16565633930.316381
2017-08-28;16697733127.699474
2017-08-29;16966421173.987638
2017-08-30;17390403439.427525
2017-08-31;17837523807.193687
2017-09-01;17951555263.918064
2017-09-02;17961830345.14989
2017-09-03;18003168112.038593
2017-09-04;17819170782.408417
2017-09-05;17801096212.671993
2017-09-06;17983879667.36587
2017-09-07;18025169583.462063
2017-09-08;17894192228.012238
2017-09-09;17786786176.506912
2017-09-10;17771801343.482616
2017-09-11;17735565967.173252
2017-09-12;17665907466.729446
2017-09-13;17575089754.375416
2017-09-14;16712749127.219976
2017-09-15;16846723708.567108
2017-09-16;16800481415.874138
2017-09-17;16828845086.788118
2017-09-18;16996872327.319149
2017-09-19;16975370410.427176
2017-09-20;17008937677.08716
2017-09-21;16872885303.371595
2017-09-22;16862679740.244665
2017-09-23;16967660576.464674
2017-09-24;17010621247.989494
2017-09-25;17063620912.528315
2017-09-26;17100219065.275953
2017-09-27;17228659444.29241
2017-09-28;17318700722.319508
2017-09-29;17296250969.43995
2017-09-30;17341089349.5847
2017-10-01;17436615979.014503
2017-10-02;17394006966.918625
2017-10-03;17327204344.400936
2017-10-04;17340736890.91559
2017-10-05;17358106766.90459
2017-10-06;17426434594.084976
2017-10-07;17467777291.400436
2017-10-08;17483613939.391792
2017-10-09;17459388271.913334
2017-10-10;17451698257.46166
2017-10-11;17480319663.05584
2017-10-12;17506836794.10488
2017-10-13;17681227696.253117
2017-10-14;17933434292.600754
2017-10-15;18008297384.39869
2017-10-16;18100673820.92899
2017-10-17;18341551619.065674
2017-10-18;18332576318.635048
2017-10-19;18324377790.16561
2017-10-20;18330461166.789143
2017-10-21;18308001775.43065
2017-10-22;18285622146.990543
2017-10-23;18211161022.265106
2017-10-24;18250417187.947258
2017-10-25;18244808295.14472
2017-10-26;18268281246.73894
2017-10-27;18261006863.530006
2017-10-28;18258436203.457115
2017-10-29;18320282027.241783
2017-10-30;18358088353.297943
2017-10-31;18379540776.59725
2017-11-01;18358909438.61169
2017-11-02;18302254315.59672
2017-11-03;18374677082.73398
2017-11-04;18372848448.95849
2017-11-05;18386904957.55405
2017-11-06;18413656439.724728
2017-11-07;18391685869.70793
2017-11-08;18536332253.415207
2017-11-09;18672629276.766445
2017-11-10;18593108558.85901
2017-11-11;18681119606.620888
2017-11-12;18668130848.354046
2017-11-13;18763488684.545944
2017-11-14;18985687330.195557
2017-11-15;19003306569.985134
2017-11-16;19063856309.982037
2017-11-17;19117527655.507824
2017-11-18;19204966398.257156
2017-11-19;19291018584.79765
2017-11-20;19624868692.839523
2017-11-21;19684112140.75659
2017-11-22;20041357959.267696
2017-11-23;20350526838.678093
2017-11-24;20858162638.090492
2017-11-25;21031495807.687668
2017-11-26;21210803477.28122
2017-11-27;21873205270.53021
2017-11-28;21994892064.271538
2017-11-29;21987547060.45657
2017-11-30;22081232308.29921
2017-12-01;22251844888.985085
2017-12-02;22349801998.57535
2017-12-03;22502215120.891685
2017-12-04;23042132066.69015
2017-12-05;23114240485.841187
2017-12-06;23135649888.447086
2017-12-07;23359828029.477455
2017-12-08;23548105583.399315
2017-12-09;23752914096.82587
2017-12-10;23655501044.942192
2017-12-11;24119180909.11425
2017-12-12;25711110593.139893
2017-12-13;26853482144.624035
2017-12-14;28233142521.94335
2017-12-15;28473542712.656998
2017-12-16;29192010189.576378
2017-12-17;29634841111.99556
2017-12-18;30975587338.19383
2017-12-19;31971875436.53076
2017-12-20;32337325027.76532
2017-12-21;32798422004.483646
2017-12-22;32458410561.14531
2017-12-23;32880038912.597385
2017-12-24;32832387718.512688
2017-12-25;33253666328.17427
2017-12-26;33546631884.13622
2017-12-27;33657795865.119125
2017-12-28;33703955013.417004
2017-12-29;34190496460.969555
2017-12-30;34165674650.18472
2017-12-31;34452634332.23552
2018-01-01;34656164511.882904
2018-01-02;35812446866.85094
2018-01-03;36867135228.694435
2018-01-04;37927637894.41481
2018-01-05;39013909103.94004
2018-01-06;40339475641.17627
2018-01-07;41726315606.74591
2018-01-08;43876530651.827126
2018-01-09;46217920786.13977
2018-01-10;47299532722.97346
2018-01-11;47297291971.031364
2018-01-12;49278030871.57524
2018-01-13;51294242616.76144
2018-01-14;52397671368.26382
2018-01-15;52802756791.887695
2018-01-16;51414878888.06051
2018-01-17;50784865306.79538
2018-01-18;50749022896.35863
2018-01-19;50898255198.599174
2018-01-20;51718315219.675545
2018-01-21;51274625645.28641
2018-01-22;51062477905.16871
2018-01-23;50375072419.14463
2018-01-24;51223300728.94795
2018-01-25;51619680069.645454
2018-01-26;51852244370.549164
2018-01-27;52250288521.81667
2018-01-28;53663396661.21717
2018-01-29;53883886567.70279
2018-01-30;53213015759.28525
2018-01-31;53716954680.26571
2018-02-01;53280209864.0636
2018-02-02;52564470456.8508
2018-02-03;52749461813.26039
2018-02-04;52089093068.12555
2018-02-05;50780155780.49854
2018-02-06;50920628966.083305
2018-02-07;50212484230.62042
2018-02-08;50384484747.60884
2018-02-09;50834671099.307106
2018-02-10;50805073229.26883
2018-02-11;50538732929.78081
2018-02-12;50331770399.934975
2018-02-13;50177654592.34986
2018-02-14;50664695760.190025
2018-02-15;50798724845.66157
2018-02-16;50877536612.82268
2018-02-17;51186325200.2818
2018-02-18;51161849206.985374
2018-02-19;50870926336.24459
2018-02-20;50644470570.96371
2018-02-21;50457801546.221
2018-02-22;50035368311.82699
2018-02-23;50179968416.375656
2018-02-24;50295670198.44422
2018-02-25;50231064990.85882
2018-02-26;50321015884.49213
2018-02-27;50437874496.94684
2018-02-28;50383935513.46819
2018-03-01;50520295457.66724
2018-03-02;50504352454.81698
2018-03-03;50499221736.02232
2018-03-04;50549433983.64342
2018-03-05;50550862845.53328
2018-03-06;50394883827.97647
2018-03-07;49979710918.59026
2018-03-08;49603487062.7946
2018-03-09;49394124535.853134
2018-03-10;49044818430.87816
2018-03-11;49062296127.39368
2018-03-12;48901160093.198395
2018-03-13;48727925694.11494
2018-03-14;48160019754.525475
2018-03-15;47824428811.792114
2018-03-16;47636925533.86216
2018-03-17;47041651167.68174
2018-03-18;47014962284.80675
2018-03-19;46826209873.688034
2018-03-20;46716440331.364555
2018-03-21;46477007461.926186
2018-03-22;46294323347.91186
2018-03-23;46202793174.35889
2018-03-24;46108576753.747406
2018-03-25;46024283955.597404
2018-03-26;45721178787.93122
2018-03-27;44914702822.75501
2018-03-28;44650531375.41804
2018-03-29;44078623625.98508
2018-03-30;43868444703.445786
2018-03-31;43721180229.59837
2018-04-01;43562502501.677635
2018-04-02;43347890519.72011
2018-04-03;43272401935.848465
2018-04-04;42965684624.95729
2018-04-05;42786779217.66886
2018-04-06;42574074743.62037
2018-04-07;42594725489.335144
2018-04-08;42659356133.95545
2018-04-09;42547040348.1495
2018-04-10;42488358617.86252
2018-04-11;42462565489.51294
2018-04-12;42781978822.80249
2018-04-13;42829740092.12473
2018-04-14;42856290871.92209
2018-04-15;43004951611.74478
2018-04-16;42965087209.92858
2018-04-17;42948464847.506996
2018-04-18;43057384697.27515
2018-04-19;43320152442.947365
2018-04-20;43649960221.33556
2018-04-21;43719796342.505455
2018-04-22;43806861796.79324
2018-04-23;44385913612.25689
2018-04-24;44813475528.2465
2018-04-25;44664361204.01129
2018-04-26;44941426841.68717
2018-04-27;44934763263.89195
2018-04-28;45111171462.12305
2018-04-29;45193107756.704254
2018-04-30;45194523991.55676
2018-05-01;45253497533.46719
2018-05-02;45460333593.45206
2018-05-03;46049473412.19612
2018-05-04;46316055353.476364
2018-05-05;46596345272.447296
2018-05-06;46591141041.42128
2018-05-07;46525063925.28843
2018-05-08;46606346099.08725
2018-05-09;46628251463.759094
2018-05-10;46585471968.24294
2018-05-11;46257553654.60383
2018-05-12;46290919665.05241
2018-05-13;46462213793.192
2018-05-14;46474798227.11637
2018-05-15;46416229260.98987
2018-05-16;46403788414.79976
2018-05-17;46169486499.23746
2018-05-18;46261974269.33587
2018-05-19;46279476688.44558
2018-05-20;46381996656.765884
2018-05-21;46387376197.27771
2018-05-22;46133530165.65628
2018-05-23;45617679625.69469
2018-05-24;45464315022.71564
2018-05-25;45312489574.66652
2018-05-26;45296981812.82972
2018-05-27;45132830099.261826
2018-05-28;44865319553.78923
2018-05-29;44903869051.2277
2018-05-30;44805054636.959496
2018-05-31;44840131741.88405
2018-06-01;44857224095.7606
2018-06-02;44929489227.21968
2018-06-03;45049318504.002625
2018-06-04;44952559832.04518
2018-06-05;45033252345.156876
2018-06-06;45046277231.160706
2018-06-07;45007691078.72825
2018-06-08;45056118353.43256
2018-06-09;45164386381.5433
2018-06-10;44866651450.14459
2018-06-11;44679859294.84879
2018-06-12;44293859835.172455
2018-06-13;44017677805.55544
2018-06-14;44166391384.38654
2018-06-15;43923840883.26385
2018-06-16;43932965798.46923
2018-06-17;43907441115.92099
2018-06-18;43945253032.21733
2018-06-19;44033156200.39131
2018-06-20;44053017633.63571
2018-06-21;44004497823.63051
2018-06-22;43623517020.10117
2018-06-23;43644786379.388725
2018-06-24;43473601917.30059
2018-06-25;43334471379.85438
2018-06-26;43098804188.75703
2018-06-27;43027426172.53384
2018-06-28;42831755233.0307
2018-06-29;42792026061.366196
2018-06-30;42830349652.24215
2018-07-01;42827734275.26138
2018-07-02;42904276093.454346
2018-07-03;42722738982.295906
2018-07-04;42729857875.77755
2018-07-05;42507309919.42334
2018-07-06;42492515143.345535
2018-07-07;42517375054.60811
2018-07-08;42516175542.78629
2018-07-09;42455290777.8307
2018-07-10;42155159534.153625
2018-07-11;42139211781.64606
2018-07-12;41981112767.55136
2018-07-13;41924466531.08023
2018-07-14;41900529737.83996
2018-07-15;41929860932.35874
2018-07-16;42006195012.946175
2018-07-17;42106459001.48527
2018-07-18;42063307983.13525
2018-07-19;42020406339.92696
2018-07-20;41854243191.381966
2018-07-21;41888116953.179115
2018-07-22;41855710556.66756
2018-07-23;41776924953.221344
2018-07-24;41920877934.42524
2018-07-25;41918893381.009964
2018-07-26;41835502956.29141
2018-07-27;41834134318.45316
2018-07-28;41828052197.39815
2018-07-29;41824496012.26894
2018-07-30;41766847165.73419
2018-07-31;41551674200.536644
2018-08-01;41465196507.44298
2018-08-02;41286857260.39515
2018-08-03;41263936451.434425
2018-08-04;41202326124.79707
2018-08-05;41202767967.60296
2018-08-06;41117769945.51159
2018-08-07;40596318697.140305
2018-08-08;40359847131.92875
2018-08-09;40275075663.33991
2018-08-10;39991237101.90699
2018-08-11;39816098645.95972
2018-08-12;39702202355.90417
2018-08-13;39194532442.78254
2018-08-14;38700319449.8572
2018-08-15;38526405893.724266
2018-08-16;38480684391.55246
2018-08-17;38544329021.04535
2018-08-18;38360996694.77173
2018-08-19;38355956444.25248
2018-08-20;38095463857.08017
2018-08-21;38107427639.31361
2018-08-22;37922677868.75121
2018-08-23;37846049441.7762
2018-08-24;37815003247.381454
2018-08-25;37903787188.83154
2018-08-26;37874604327.583885
2018-08-27;37776756640.3386
2018-08-28;37827642294.5812
2018-08-29;37766535769.72938
2018-08-30;37627617489.23974
2018-08-31;37582644478.97969
2018-09-01;37606318703.48995
2018-09-02;37576085345.52021
2018-09-03;37521421878.261314
2018-09-04;37557851345.08011
2018-09-05;37039000591.69703
2018-09-06;36832067859.03246
2018-09-07;36601160358.84588
2018-09-08;36256188160.74213
2018-09-09;36162043735.50036
2018-09-10;36025284089.58696
2018-09-11;35836039486.252655
2018-09-12;35511777835.07333
2018-09-13;35569259811.969925
2018-09-14;35548818440.10331
2018-09-15;35582467903.89136
2018-09-16;35581457092.73066
2018-09-17;35429779921.876854
2018-09-18;35432438620.24363
2018-09-19;35406358490.20873
2018-09-20;35416461158.467575
2018-09-21;35568989614.96002
2018-09-22;35556048749.28932
2018-09-23;35574262695.94833
2018-09-24;35500826665.6558
2018-09-25;35411706625.33802
2018-09-26;35327554479.99718
2018-09-27;35377616655.94215
2018-09-28;35288179552.659294
2018-09-29;35217778034.34008
2018-09-30;35225668149.13591
2018-10-01;35172611432.35393
2018-10-02;35154635523.78604
2018-10-03;35106125448.9507
2018-10-04;35053833143.66999
2018-10-05;34972119971.45608
2018-10-06;34983751897.21096
2018-10-07;34992421025.84879
2018-10-08;35005167593.39241
2018-10-09;34983083689.6649
2018-10-10;34940300211.949615
2018-10-11;34590093838.72412
2018-10-12;34526283108.04905
2018-10-13;34525487545.2937
2018-10-14;34484159611.35073
2018-10-15;34488885425.135864
2018-10-16;34427044679.13266
2018-10-17;34354670721.35491
2018-10-18;34244813651.357124
2018-10-19;33672924229.912525
2018-10-20;33668397353.987095
2018-10-21;33651781684.94457
2018-10-22;33613606228.339344
2018-10-23;33586040958.364334
2018-10-24;33490232675.287388
2018-10-25;33372016585.09109
2018-10-26;33365671170.150017
2018-10-27;33362178564.779396
2018-10-28;33355558636.18482
2018-10-29;33268095389.361725
2018-10-30;33246902628.846016
2018-10-31;33231269237.82121
2018-11-01;33208015692.707977
2018-11-02;33249023268.267292
2018-11-03;33241067987.505642
2018-11-04;33297361981.89097
2018-11-05;33285552312.948544
2018-11-06;33327665150.501762
2018-11-07;33341462764.045162
2018-11-08;33289307592.14301
2018-11-09;33247739349.140865
2018-11-10;33261103998.249397
2018-11-11;33239826707.273354
2018-11-12;33213043887.84183
2018-11-13;33108036838.838127
2018-11-14;32830833741.88047
2018-11-15;32561468128.810577
2018-11-16;32452233075.639534
2018-11-17;32428676146.12128
2018-11-18;32357649849.987167
2018-11-19;31529905484.698757
2018-11-20;31124216559.470642
2018-11-21;31006036777.16923
2018-11-22;30558537638.14791
2018-11-23;30371317149.461388
2018-11-24;30193067303.30137
2018-11-25;30073805228.669342
2018-11-26;29876940217.940487
2018-11-27;29739168699.541283
2018-11-28;29672980907.01229
2018-11-29;29568972499.936302
2018-11-30;29877177851.414547
2018-12-01;30357710346.850437
2018-12-02;30337268295.982082
2018-12-03;30245684269.947945
2018-12-04;30182928094.90738
2018-12-05;30094987924.818577
2018-12-06;29876324151.071075
2018-12-07;29692496476.85676
2018-12-08;29586242000.615612
2018-12-09;29547591997.35854
2018-12-10;29468992455.54381
2018-12-11;29419308655.35727
2018-12-12;29261251296.67872
2018-12-13;29185340897.854034
2018-12-14;29092148386.47861
2018-12-15;29071800184.231884
2018-12-16;29052633888.56894
2018-12-17;28964309359.133736
2018-12-18;28925237944.50491
2018-12-19;28759664440.751114
2018-12-20;28914491759.4279
2018-12-21;28843440641.432377
2018-12-22;28887088917.35961
2018-12-23;29001938317.585365
2018-12-24;29074372265.31692
2018-12-25;29039744127.631954
2018-12-26;29041311397.014534
2018-12-27;28748038439.834644
2018-12-28;28947454643.335323
2018-12-29;28997713217.124065
2018-12-30;28912935493.74148
2018-12-31;28819051622.967358
2019-01-01;28877687727.31675
2019-01-02;28990812437.411285
2019-01-03;28981719897.825188
2019-01-04;29094778907.793
2019-01-05;29046828453.27855
2019-01-06;29070600861.89813
2019-01-07;28967307866.861206
2019-01-08;28916019267.313038
2019-01-09;28903731787.556343
2019-01-10;28663670823.5494
2019-01-11;28573348255.94316
2019-01-12;28549581362.190098
2019-01-13;28398678317.77395
2019-01-14;28475801482.860165
2019-01-15;28361016384.749092
2019-01-16;28352206716.805855
2019-01-17;28314417747.23822
2019-01-18;28251218375.029385
2019-01-19;28267568731.852142
2019-01-20;28212454378.997078
2019-01-21;28173949107.373592
2019-01-22;27987483535.179493
2019-01-23;27968466400.408775
2019-01-24;27934971350.67924
2019-01-25;27898473412.57141
2019-01-26;27882082550.570366
2019-01-27;27857403503.529015
2019-01-28;27740773347.012123
2019-01-29;27672992512.64211
2019-01-30;27675623324.01714
2019-01-31;27622742238.9699
2019-02-01;27602233824.38957
2019-02-02;27613929059.86356
2019-02-03;27589347228.42522
2019-02-04;27408949457.843224
2019-02-05;27403143617.15845
2019-02-06;27342797864.146713
2019-02-07;26724126827.537247
2019-02-08;26858770897.89888
2019-02-09;26854511793.290634
2019-02-10;26895626853.38901
2019-02-11;26876783305.37154
2019-02-12;26863796261.10048
2019-02-13;26848525402.928444
2019-02-14;26837574509.291668
2019-02-15;26798754400.66463
2019-02-16;26806641291.187138
2019-02-17;26858574636.928135
2019-02-18;27010517065.25162
2019-02-19;26974220177.153305
2019-02-20;27016014483.74657
2019-02-21;26413000838.4756
2019-02-22;26440542135.791393
2019-02-23;26497193269.64746
2019-02-24;26320866007.97969
2019-02-25;26322153530.10657
2019-02-26;26299298712.22612
2019-02-27;26252874479.029827
2019-02-28;26232111202.058334
2019-03-01;26227184241.55007
2019-03-02;26205777908.37383
2019-03-03;26185494788.951008
2019-03-04;26104768709.02793
2019-03-05;26176558587.09924
2019-03-06;26169965298.39168
2019-03-07;26156454235.96287
2019-03-08;26078499182.81648
2019-03-09;26101161670.953735
2019-03-10;26028250032.45506
2019-03-11;25986855258.80199
2019-03-12;25880961587.720577
2019-03-13;25845343520.086796
2019-03-14;25841673712.565666
2019-03-15;25855056477.74476
2019-03-16;25893757613.508102
2019-03-17;25869284955.3108
2019-03-18;25874896611.82805
2019-03-19;25874614383.659214
2019-03-20;25888535332.53445
2019-03-21;25848390951.4987
2019-03-22;25759385194.345497
2019-03-23;25755285682.719395
2019-03-24;25741959082.19665
2019-03-25;25702352919.41962
2019-03-26;25688782826.19876
2019-03-27;25749957504.890316
2019-03-28;25733045992.354908
2019-03-29;25789077506.425278
2019-03-30;25746020941.876106
2019-03-31;25743738476.840485
2019-04-01;25631068818.59747
2019-04-02;25807662897.783573
2019-04-03;25756620199.524406
2019-04-04;25739252908.176563
2019-04-05;25791465234.74575
2019-04-06;25858593968.400394
2019-04-07;25944037074.15045
2019-04-08;25994450719.536438
2019-04-09;25959174118.50443
2019-04-10;26000592767.187035
2019-04-11;25919134987.145565
2019-04-12;25896403822.71947
2019-04-13;25851802655.295715
2019-04-14;25883819715.76807
2019-04-15;25833855117.777172
2019-04-16;25866934004.670635
2019-04-17;25863706465.637535
2019-04-18;25945828568.114594
2019-04-19;25955012067.32766
2019-04-20;25993964790.907925
2019-04-21;25953145529.69773
2019-04-22;25889559658.80077
2019-04-23;25867244826.155354
2019-04-24;25797311830.699715
2019-04-25;25656873099.821854
2019-04-26;25629199358.011597
2019-04-27;25651244581.460033
2019-04-28;25609072239.536205
2019-04-29;25600691146.96212
2019-04-30;25674606611.022137
2019-05-01;25662001398.857174
2019-05-02;25650964036.113136
2019-05-03;25695768991.506954
2019-05-04;25676936354.80642
2019-05-05;25671230763.191174
2019-05-06;25756711159.69093
2019-05-07;25759416351.40927
2019-05-08;25759919091.95519
2019-05-09;25770935378.651283
2019-05-10;25782607813.264946
2019-05-11;25982285025.78041
2019-05-12;25884548057.82336
2019-05-13;26060179871.997032
2019-05-14;26316216153.809433
2019-05-15;26608248010.01648
2019-05-16;27144275631.019093
2019-05-17;27053699857.428036
2019-05-18;26962751745.252163
2019-05-19;27190097599.41245
2019-05-20;27108348710.156563
2019-05-21;27193446619.885548
2019-05-22;27086281504.01088
2019-05-23;27107262100.830086
2019-05-24;27142521858.12845
2019-05-25;27174322547.10099
2019-05-26;27307233670.268864
2019-05-27;27381974174.701084
2019-05-28;27390780542.468636
2019-05-29;27495054468.685757
2019-05-30;27400387951.32103
2019-05-31;27687848061.80043
2019-06-01;27707660522.910686
2019-06-02;27747952284.35335
2019-06-03;27713758965.36244
2019-06-04;27584084807.701374
2019-06-05;27626016219.512066
2019-06-06;27723398659.175606
2019-06-07;27758850309.540165
2019-06-08;27684209707.50345
2019-06-09;27472173829.90393
2019-06-10;27703060558.232944
2019-06-11;27693929161.036053
2019-06-12;27828926417.28751
2019-06-13;27851017385.573345
2019-06-14;27964948381.283054
2019-06-15;28004858520.698303
2019-06-16;28024730937.84074
2019-06-17;28108973430.12675
2019-06-18;28037495120.80888
2019-06-19;28158085906.989998
2019-06-20;28257617640.2405
2019-06-21;28523725280.956944
2019-06-22;28756585678.279972
2019-06-23;28771093266.80162
2019-06-24;28825874386.839012
2019-06-25;29008906094.640488
2019-06-26;29330918464.3615
2019-06-27;28954395975.900208
2019-06-28;29204203936.740772
2019-06-29;29314226366.80081
2019-06-30;29166808091.981136
2019-07-01;29121786321.12396
2019-07-02;29103228268.20866
2019-07-03;29225492624.45358
2019-07-04;28921684049.12926
2019-07-05;28979107458.258255
2019-07-06;28975677142.84961
2019-07-07;29087884851.142094
2019-07-08;29269049311.88151
2019-07-09;29023363889.17067
2019-07-10;28872547370.789753
2019-07-11;28962038211.987816
2019-07-12;29014092078.67207
2019-07-13;28977760164.639637
2019-07-14;28705664173.784615
2019-07-15;28556966903.03473
2019-07-16;28184009088.270782
2019-07-17;28118304093.654587
2019-07-18;28169707388.924347
2019-07-19;28114263653.453304
2019-07-20;28160608999.55335
2019-07-21;28163986440.649574
2019-07-22;28048281792.7702
2019-07-23;28011486200.5635
2019-07-24;28017644170.91361
2019-07-25;28028600893.991833
2019-07-26;27992377779.844677
2019-07-27;27915397740.771893
2019-07-28;27922506303.0572
2019-07-29;27926057763.31574
2019-07-30;27920619748.85246
2019-07-31;27987945419.909176
2019-08-01;27794271812.981762
2019-08-02;27791126494.701553
2019-08-03;27814866234.30416
2019-08-04;27820272868.597137
2019-08-05;27900012626.39032
2019-08-06;27861956154.82796
2019-08-07;27909680534.74299
2019-08-08;27843655090.42817
2019-08-09;27729809453.489086
2019-08-10;27679680633.404675
2019-08-11;27752297671.21238
2019-08-12;27690363019.389687
2019-08-13;27698879095.894196
2019-08-14;27478671425.714394
2019-08-15;27463104666.28889
2019-08-16;27300907385.633873
2019-08-17;27289192709.294838
2019-08-18;27328986332.57821
2019-08-19;27354926392.36469
2019-08-20;27327017913.34053
2019-08-21;27251186081.964493
2019-08-22;27278619364.848175
2019-08-23;27298538042.631664
2019-08-24;27256601088.4662
2019-08-25;27198983681.349247
2019-08-26;27197122262.764557
2019-08-27;27120393510.607338
2019-08-28;26995433316.01606
2019-08-29;26889881258.314133
2019-08-30;26843456485.794617
2019-08-31;26823715345.581573
2019-09-01;26809004062.54444
2019-09-02;26831435048.568302
2019-09-03;26756421283.881123
2019-09-04;26714116300.646877
2019-09-05;26705536740.9553
2019-09-06;26642678339.42405
2019-09-07;26697629427.070774
2019-09-08;26715642065.478638
2019-09-09;26716075985.08466
2019-09-10;26690255987.29793
2019-09-11;26644294364.493347
2019-09-12;26625974304.82006
2019-09-13;26612623110.928783
2019-09-14;26661094659.674206
2019-09-15;26676712766.633846
2019-09-16;26751699291.957073
2019-09-17;26870105770.495934
2019-09-18;26880023857.726986
2019-09-19;26989386150.087643
2019-09-20;26982515375.714443
2019-09-21;27020733129.979263
2019-09-22;27001491555.11702
2019-09-23;26906631928.59587
2019-09-24;26587356593.592827
2019-09-25;26580442582.696407
2019-09-26;26488305827.633415
2019-09-27;26527830618.827675
2019-09-28;26479277341.573563
2019-09-29;26427821230.648445
2019-09-30;26439445756.84436
2019-10-01;26389266851.410828
2019-10-02;26412441148.60032
2019-10-03;26375469638.42689
2019-10-04;26325526366.947773
2019-10-05;26318817900.69339
2019-10-06;26266474594.379387
2019-10-07;26310452309.515274
2019-10-08;26322235781.142227
2019-10-09;26439333115.81071
2019-10-10;26455336970.90358
2019-10-11;26338669058.066895
2019-10-12;26329277920.24741
2019-10-13;26334420716.456783
2019-10-14;26354054816.026276
2019-10-15;26314216821.84682
2019-10-16;26272371945.056488
2019-10-17;26283884834.3121
2019-10-18;26133739243.2799
2019-10-19;26124939105.389225
2019-10-20;26146707125.646065
2019-10-21;26138487439.850864
2019-10-22;26114193309.641727
2019-10-23;25987787904.696007
2019-10-24;25912449106.96867
2019-10-25;26082973766.67619
2019-10-26;26083580144.12539
2019-10-27;26136064504.854633
2019-10-28;26145958338.532867
2019-10-29;26206382609.701447
2019-10-30;26168342571.729565
2019-10-31;26147849075.486015
2019-11-01;26155430326.560204
2019-11-02;26165924523.385056
2019-11-03;26158177799.75085
2019-11-04;26188805399.10723
2019-11-05;25726272508.66507
2019-11-06;25748969469.748116
2019-11-07;25722955995.726707
2019-11-08;25682111524.21537
2019-11-09;25666131773.63305
2019-11-10;25698033237.399292
2019-11-11;25671394415.94469
2019-11-12;25690970826.4035
2019-11-13;25700184054.03894
2019-11-14;25622575914.55791
2019-11-15;25516765466.12994
2019-11-16;25543639048.563797
2019-11-17;25557642451.188168
2019-11-18;25499681716.696354
2019-11-19;25465401218.31015
2019-11-20;25448355917.224277
2019-11-21;25327626438.395397
2019-11-22;25079355074.035492
2019-11-23;25030503943.35058
2019-11-24;24956858080.337368
2019-11-25;24896601047.00008
2019-11-26;24887197825.90578
2019-11-27;24927821599.79734
2019-11-28;24919898004.879623
2019-11-29;24665504206.790535
2019-11-30;24616680963.357395
2019-12-01;24601585505.325165
2019-12-02;24563732033.776585
2019-12-03;24521844714.404884
2019-12-04;24488446345.67316
2019-12-05;24480936092.783806
2019-12-06;24416568964.013832
2019-12-07;24398298850.645596
2019-12-08;24412783327.203274
2019-12-09;24386084531.283573
2019-12-10;24368418534.69719
2019-12-11;24312845045.574924
2019-12-12;24334364840.156437
2019-12-13;24322753177.97054
2019-12-14;24285739393.390343
2019-12-15;24282046254.613647
2019-12-16;24202528215.50993
2019-12-17;24002643848.588493
2019-12-18;24031480196.9091
2019-12-19;23835615834.845882
2019-12-20;23756914591.2761
2019-12-21;23724153299.216652
2019-12-22;23744489217.082657
2019-12-23;23690940532.551376
2019-12-24;23623170445.82766
2019-12-25;23554680911.19409
2019-12-26;23505297570.070118
2019-12-27;23503781961.498646
2019-12-28;23505002026.40305
2019-12-29;23566153269.870495
2019-12-30;23529084374.47377
2019-12-31;23469129986.3114
2020-01-01;23475515297.694168
2020-01-02;23434902364.207245
2020-01-03;23483726035.140385
2020-01-04;23486115684.61767
2020-01-05;23491061229.536625
2020-01-06;23560166617.104836
2020-01-07;23605599739.022217
2020-01-08;23542706060.067577
2020-01-09;23507800748.3328
2020-01-10;23551038540.344128
2020-01-11;23543237981.366165
2020-01-12;23549378375.289772
2020-01-13;23518798233.631596
2020-01-14;23763368275.868103
2020-01-15;23775281095.003883
2020-01-16;23758274555.626427
2020-01-17;23850169011.286324
2020-01-18;23896666224.280426
2020-01-19;23839410330.68995
2020-01-20;23908486431.565952
2020-01-21;23926979451.700542
2020-01-22;23920602229.659473
2020-01-23;23860858802.290947
2020-01-24;23878303238.877647
2020-01-25;23859227901.018562
2020-01-26;23905638359.97046
2020-01-27;23954739422.90489
2020-01-28;24007090126.26444
2020-01-29;24023484210.201653
2020-01-30;24095605585.696297
2020-01-31;24097082263.21982
2020-02-01;24168977509.597008
2020-02-02;24226437173.654522
2020-02-03;24279474421.977154
2020-02-04;24281696295.31538
2020-02-05;24425064825.14988
2020-02-06;24699352522.86467
2020-02-07;24882845715.857647
2020-02-08;24898137986.25877
2020-02-09;24991731637.379387
2020-02-10;24972064045.266777
2020-02-11;25050607108.515263
2020-02-12;25463537584.918804
2020-02-13;25672517668.429794
2020-02-14;25960251500.168846
2020-02-15;25769684706.697483
2020-02-16;25729306204.842583
2020-02-17;25815398212.916954
2020-02-18;25996779753.990334
2020-02-19;25813002699.95871
2020-02-20;25849952794.126686
2020-02-21;25951681465.38546
2020-02-22;25930768874.181633
2020-02-23;26075923167.17444
2020-02-24;26008004759.26145
2020-02-25;26006933541.357357
2020-02-26;25671324489.048626
2020-02-27;25554020123.223804
2020-02-28;25575726948.193996
2020-02-29;25512909058.65829
2020-03-01;25479465375.62096
2020-03-02;25598559459.30262
2020-03-03;25564512027.692917
2020-03-04;25544717247.759113
2020-03-05;25584668518.23312
2020-03-06;25708332265.229664
2020-03-07;25680339416.2598
2020-03-08;25370086048.47398
2020-03-09;25160580071.10583
2020-03-10;25153691742.52618
2020-03-11;25041773569.2328
2020-03-12;23626984617.504646
2020-03-13;23787114581.808586
2020-03-14;23655668547.64493
2020-03-15;23629146016.87111
2020-03-16;23393805895.900635
2020-03-17;23268652192.110096
2020-03-18;23213731099.43724
2020-03-19;23278626477.75402
2020-03-20;23295341579.989464
2020-03-21;23305982467.61667
2020-03-22;23201978493.49827
2020-03-23;23260002205.22137
2020-03-24;23164444428.33738
2020-03-25;23118310359.53153
2020-03-26;23191703768.266804
2020-03-27;23138603626.712845
2020-03-28;23083933595.181007
2020-03-29;23025310933.86606
2020-03-30;23077525381.535484
2020-03-31;23041897707.187016
2020-04-01;23041350288.058098
2020-04-02;23067201312.242687
2020-04-03;23075343148.38103
2020-04-04;23082021466.221085
2020-04-05;23071506974.177032
2020-04-06;23430491818.55787
2020-04-07;23432288183.001915
2020-04-08;23499542766.584774
2020-04-09;23491566597.921146
2020-04-10;23395739815.35019
2020-04-11;23388321646.344505
2020-04-12;23387389902.45513
2020-04-13;23343654659.17187
2020-04-14;23353048767.869457
2020-04-15;23304980670.116264
2020-04-16;23422806366.138115
2020-04-17;23521458373.107555
2020-04-18;23656689395.881294
2020-04-19;23605185469.72518
2020-04-20;23572214851.24455
2020-04-21;23585780193.220394
2020-04-22;23680627740.88011
2020-04-23;23709451461.100033
2020-04-24;23817655954.22615
2020-04-25;23864800550.7959
2020-04-26;23913529586.573597
2020-04-27;23936578558.257828
2020-04-28;23952759265.648186
2020-04-29;24243919404.22045
2020-04-30;24155735539.07436
2020-05-01;24188851522.63212
2020-05-02;24231862133.76741
2020-05-03;24218837619.648743
2020-05-04;24189184503.88622
2020-05-05;24148322519.795425
2020-05-06;24118287053.147114
2020-05-07;24206291971.284107
2020-05-08;24251943545.19792
2020-05-09;24245874833.33853
2020-05-10;24035011240.06388
2020-05-11;23895309326.798904
2020-05-12;23924998524.81388
2020-05-13;24100866862.915905
2020-05-14;24144780420.287624
2020-05-15;24092773376.679245
2020-05-16;24354801351.88055
2020-05-17;24409738815.29785
2020-05-18;24524503602.767647
2020-05-19;24545104151.1418
2020-05-20;24514121169.800423
2020-05-21;24392478308.027084
2020-05-22;24463573809.21982
2020-05-23;24485836238.732494
2020-05-24;24457693679.89251
2020-05-25;24484927294.606693
2020-05-26;24459664270.03109
2020-05-27;24519121309.349964
2020-05-28;24743345783.23074
2020-05-29;24701582710.556
2020-05-30;24959745822.498203
2020-05-31;24951093923.20933
2020-06-01;25183447141.79231
2020-06-02;25206505710.510803
2020-06-03;25128872428.845387
2020-06-04;25155760827.21897
2020-06-05;25154365606.688267
2020-06-06;25171781884.72886
2020-06-07;25198360070.742306
2020-06-08;25593185039.353573
2020-06-09;25593489203.27549
2020-06-10;25630091597.419655
2020-06-11;25409947504.88355
2020-06-12;25489665525.93436
2020-06-13;25501284609.640835
2020-06-14;25469019474.55715
2020-06-15;25467262234.83517
2020-06-16;25489331501.93488
2020-06-17;25488342433.30143
2020-06-18;25457822973.347656
2020-06-19;25431699542.571117
2020-06-20;25429281640.818092
2020-06-21;25421590273.950706
2020-06-22;25629845581.46105
2020-06-23;25645255699.326427
2020-06-24;25672240442.421436
2020-06-25;25674656583.450188
2020-06-26;25594642438.126625
2020-06-27;25531245411.811985
2020-06-28;25507186949.884014
2020-06-29;25528458460.834213
2020-06-30;25509687754.874924
2020-07-01;25590021448.223
2020-07-02;25533263812.43878
2020-07-03;25522996236.990215
2020-07-04;25569322274.47718
2020-07-05;25557147741.777496
2020-07-06;25680813508.119095
2020-07-07;25748340458.77752
2020-07-08;25896069163.573067
2020-07-09;25893658563.388863
2020-07-10;25897769886.801044
2020-07-11;25897125468.691532
2020-07-12;25920852232.33354
2020-07-13;25897192248.056213
2020-07-14;25965346774.54004
2020-07-15;25951811929.15315
2020-07-16;25886848445.78041
2020-07-17;25846333197.108715
2020-07-18;25888055244.11328
2020-07-19;25940779518.966515
2020-07-20;25908208857.127594
2020-07-21;26060551460.890762
2020-07-22;26399036904.635
2020-07-23;26711157712.80419
2020-07-24;26880078224.492085
2020-07-25;27126012624.41867
2020-07-26;27409624836.07257
2020-07-27;27918208977.28151
2020-07-28;27909061379.73452
2020-07-29;27893853607.840355
2020-07-30;28229685212.98661
2020-07-31;28476068459.497906
2020-08-01;29440760348.14789
2020-08-02;29362950366.900867
2020-08-03;29578576716.267693
2020-08-04;29754414166.999416
2020-08-05;30082923506.065548
2020-08-06;30080609293.18877
2020-08-07;29943165078.854004
2020-08-08;30115481455.891605
2020-08-09;30115199134.815285
2020-08-10;30476390879.896935
2020-08-11;30316174308.77959
2020-08-12;30447841925.16289
2020-08-13;31094804871.724262
2020-08-14;31634032188.325474
2020-08-15;32012071471.24286
2020-08-16;32061167858.005463
2020-08-17;32261582273.36272
2020-08-18;32169814324.431732
2020-08-19;32032352668.13549
2020-08-20;32240621944.43671
2020-08-21;31867708208.525745
2020-08-22;31917118743.546577
2020-08-23;31902062845.730904
2020-08-24;32162096739.689552
2020-08-25;31846159000.89401
2020-08-26;31851841747.51983
2020-08-27;31825459014.461926
2020-08-28;31986339303.741734
2020-08-29;32116255000.80019
2020-08-30;32657776272.129696
2020-08-31;33038668782.303726
2020-09-01;34225896562.37638
2020-09-02;34545918576.02655
2020-09-03;33508489879.623367
2020-09-04;33555720508.804325
2020-09-05;32489354253.029854
2020-09-06;32692861622.964184
2020-09-07;32796336126.56436
2020-09-08;32469781282.85542
2020-09-09;32560243133.96783
2020-09-10;32872545701.79701
2020-09-11;33067379730.971817
2020-09-12;33171297106.03748
2020-09-13;32892995789.101166
2020-09-14;33006743480.04745
2020-09-15;32863208613.30655
2020-09-16;32868250291.808933
2020-09-17;33250884079.278164
2020-09-18;33264132972.748787
2020-09-19;33319762410.64865
2020-09-20;33147562064.582615
2020-09-21;32769712506.66253
2020-09-22;32592918321.22367
2020-09-23;32009209500.62813
2020-09-24;32351840354.114468
2020-09-25;32486140785.654984
2020-09-26;32539781511.789948
2020-09-27;32569763445.548927
2020-09-28;32585078404.11147
2020-09-29;32752251287.304794
2020-09-30;32832482950.76109
2020-10-01;32691593373.449963
2020-10-02;32567211309.97347
2020-10-03;32577420005.801636
2020-10-04;32659292337.99996
2020-10-05;32681200408.47859
2020-10-06;32497842285.346794
2020-10-07;32415163804.072273
2020-10-08;32568888921.205536
2020-10-09;32863083772.02041
2020-10-10;32948870707.9631
2020-10-11;33021768143.597893
2020-10-12;33331619409.30167
2020-10-13;33400458711.76495
2020-10-14;33477181772.43662
2020-10-15;33529426313.723312
2020-10-16;33341158533.62731
2020-10-17;33372501334.412804
2020-10-18;33520575239.351593
2020-10-19;33568787729.15839
2020-10-20;33416511153.818733
2020-10-21;33921018879.49591
2020-10-22;34518050942.148346
2020-10-23;34550352821.78939
2020-10-24;34644293783.485565
2020-10-25;34591818081.2396
2020-10-26;34462220478.501335
2020-10-27;34614251036.42603
2020-10-28;34412929987.87067
2020-10-29;34375084953.65245
2020-10-30;34342252929.826572
2020-10-31;34322104029.714478
2020-11-01;34491115394.9365
2020-11-02;34319496108.407467
2020-11-03;34407832869.149925
2020-11-04;34686608657.236404
2020-11-05;34987379668.530334
2020-11-06;35728116874.88187
2020-11-07;35490954072.335396
2020-11-08;35753769451.610886
2020-11-09;35692185488.6168
2020-11-10;36058370092.626465
2020-11-11;36363403142.02813
2020-11-12;36568082451.971375
2020-11-13;36947172309.82096
2020-11-14;36784841504.430664
2020-11-15;36583405983.25692
2020-11-16;36816510643.2915
2020-11-17;37228361898.01244
2020-11-18;37343797082.10881
2020-11-19;37375093488.98651
2020-11-20;38172063794.25814
2020-11-21;39177710265.22061
2020-11-22;39868807757.546486
2020-11-23;41159572978.96892
2020-11-24;41713258920.62771
2020-11-25;41333329506.178444
2020-11-26;40630940567.07036
2020-11-27;40276694919.29127
2020-11-28;40565437310.27871
2020-11-29;41397725989.78532
2020-11-30;42529207678.13556
2020-12-01;42294125853.47222
2020-12-02;42579196112.878845
2020-12-03;43157140584.3799
2020-12-04;42317866592.19005
2020-12-05;42812105612.99018
2020-12-06;43113764161.11284
2020-12-07;43185476898.47261
2020-12-08;42564202602.440796
2020-12-09;42830914333.206665
2020-12-10;42612678855.919334
2020-12-11;42344612819.58318
2020-12-12;42726386028.46307
2020-12-13;43197470316.01591
2020-12-14;43216198654.451195
2020-12-15;43363298633.73692
2020-12-16;44510716238.29452
2020-12-17;45002978996.62588
2020-12-18;45342215309.998405
2020-12-19;45739564588.42894
2020-12-20;45419120415.33171
2020-12-21;45016926588.690544
2020-12-22;45377814942.989235
2020-12-23;44711300693.46787
2020-12-24;45098063484.26041
2020-12-25;45374405457.430305
2020-12-26;45705207028.30512
2020-12-27;47004505789.31187
2020-12-28;48189134112.2164
2020-12-29;48800511834.21749
2020-12-30;49283658746.4095
2020-12-31;49297050244.749016
2021-01-01;49359358034.21749
2021-01-02;50269877627.57629
2021-01-03;55209169294.32938
2021-01-04;58460482798.98979
2021-01-05;60727425878.977776
2021-01-06;64101729856.10588
2021-01-07;66127996669.83027
2021-01-08;67086213068.01231
2021-01-09;68753668682.20128
2021-01-10;69135378219.63068
2021-01-11;65686641096.37993
2021-01-12;64732078485.52415
2021-01-13;66224096224.83018
2021-01-14;67595907876.42983
2021-01-15;67389526385.24265
2021-01-16;68479172036.78281
2021-01-17;68923564677.44327
2021-01-18;69700476928.73418
2021-01-19;74584706049.54576
2021-01-20;75388594491.30275
2021-01-21;70815639891.98048
2021-01-22;72941653209.19435
2021-01-23;73102909554.75107
2021-01-24;75368051962.69437
2021-01-25;75640639155.27113
2021-01-26;76838824603.2941
2021-01-27;75503116823.93576
2021-01-28;78576279268.98064
2021-01-29;79904352350.8444
2021-01-30;79991490209.65971
2021-01-31;79096113219.00386
2021-02-01;80200289684.97853
2021-02-02;83892408496.42322
2021-02-03;87889706172.88916
2021-02-04;88728150236.64078
2021-02-05;91339494970.01248
2021-02-06;92070741177.73665
2021-02-07;91155322154.29645
2021-02-08;94237626083.65901
2021-02-09;95674445429.21313
2021-02-10;95639816153.45227
2021-02-11;96585559621.56293
2021-02-12;98505609603.14581
2021-02-13;98577212576.66666
2021-02-14;98846655035.07512
2021-02-15;98719539853.12181
2021-02-16;99338368241.82784
2021-02-17;101269225565.06187
2021-02-18;103754972584.76248
2021-02-19;105091523544.02678
2021-02-20;105105654504.67075
2021-02-21;105682708451.28354
2021-02-22;103256839687.49118
2021-02-23;99116161141.36523
2021-02-24;99864511382.85182
2021-02-25;97508684950.50908
2021-02-26;96569320337.95497
2021-02-27;96667075806.53642
2021-02-28;96224019163.04974
2021-03-01;98669093327.77618
2021-03-02;97603626274.00114
2021-03-03;99307124680.9
2021-03-04;99546105844.73178
2021-03-05;99458504119.62338
2021-03-06;101896428781.61224
2021-03-07;103063932542.08826
2021-03-08;105350738584.0621
2021-03-09;106403547913.7454
2021-03-10;105967017693.25615
2021-03-11;107219520364.15862
2021-03-12;106426289828.97705
2021-03-13;109072546774.1242
2021-03-14;108837064536.10217
2021-03-15;109310545940.0517
2021-03-16;109652628458.45378
2021-03-17;110254029526.44394
2021-03-18;110232834887.00766
2021-03-19;110875425071.4465
2021-03-20;111100470541.6117
2021-03-21;110696320235.54779
2021-03-22;109005669536.18994
2021-03-23;108770069347.57576
2021-03-24;107039545856.6562
2021-03-25;107693543055.31256
2021-03-26;109983122184.18721
2021-03-27;110521013075.34616
2021-03-28;110070587826.92181
2021-03-29;112634026023.07248
2021-03-30;113669926565.55144
2021-03-31;115562507194.45676
2021-04-01;117852512969.9344
2021-04-02;122372376683.07846
2021-04-03;121174059922.34526
2021-04-04;124430992673.78792
2021-04-05;126158324941.68658
2021-04-06;126637643619.42096
2021-04-07;124429203731.95074
2021-04-08;126426441293.93866
2021-04-09;126610585315.37987
2021-04-10;127809766335.82202
2021-04-11;128875052787.54594
2021-04-12;129157933154.36676
2021-04-13;132783020346.17685
2021-04-14;136856782416.30309
2021-04-15;140175400843.66425
2021-04-16;140178114229.1257
2021-04-17;139262590808.59805
2021-04-18;138138690113.33374
2021-04-19;136723669880.74731
2021-04-20;139909930369.56747
2021-04-21;140826728951.536
2021-04-22;142841083022.9519
2021-04-23;142159091784.8419
2021-04-24;140391914684.17786
2021-04-25;141612078881.2218
2021-04-26;145862024506.44583
2021-04-27;149190018069.3128
2021-04-28;152696877450.5347
2021-04-29;154371926965.64832
2021-04-30;155285330812.76886
2021-05-01;160688084666.07437
2021-05-02;161411894407.93988
2021-05-03;172540664898.55032
2021-05-04;172644086442.99683
2021-05-05;178392043557.8951
2021-05-06;180900766257.6132
2021-05-07;182672518835.96564
2021-05-08;191583575568.3704
2021-05-09;193858873200.08463
2021-05-10;198303559133.14127
2021-05-11;208003713901.76175
2021-05-12;207957318568.40234
2021-05-13;204486120122.80933
2021-05-14;211967556982.53342
2021-05-15;205667909677.19836
2021-05-16;203872065622.28577
2021-05-17;198520502246.3715
2021-05-18;198002583885.60956
2021-05-19;180587189442.47177
2021-05-20;184882568499.96432
2021-05-21;177288574671.6067
2021-05-22;175218786937.8663
2021-05-23;170935545383.3737
2021-05-24;180125901986.92545
2021-05-25;181356227898.42584
2021-05-26;184805128822.5264
2021-05-27;181203412604.22882
2021-05-28;175470334287.51764
2021-05-29;173064151822.1839
2021-05-30;173703279201.08804
2021-05-31;178870768145.99567
2021-06-01;177809239998.08252
2021-06-02;179454874991.5763
2021-06-03;181917488856.67813
2021-06-04;179766674236.84503
2021-06-05;178555796227.7452
2021-06-06;180096996634.68036
2021-06-07;178214103726.71155
2021-06-08;176338613680.1565
2021-06-09;177571188229.72266
2021-06-10;175372722089.4003
2021-06-11;172953259565.268
2021-06-12;173498218242.96774
2021-06-13;175328571597.3648
2021-06-14;176845537299.1361
2021-06-15;176454268505.77383
2021-06-16;173209382235.99265
2021-06-17;173122264820.3323
2021-06-18;170298684919.70557
2021-06-19;169495553619.2685
2021-06-20;170415731654.31183
2021-06-21;164647369439.4435
2021-06-22;162837519257.4784
2021-06-23;163165029617.53766
2021-06-24;163379002136.40823
2021-06-25;160357067479.7079
2021-06-26;160006222514.27292
2021-06-27;162412110685.84265
2021-06-28;164364704909.54086
2021-06-29;165810831312.8438
2021-06-30;167368894654.55988
2021-07-01;163270374202.63422
2021-07-02;163812695585.9062
2021-07-03;164865984242.93204
2021-07-04;166644464375.93704
2021-07-05;165061569706.145
2021-07-06;166650893167.2022
2021-07-07;167214243866.087
2021-07-08;163835309844.35004
2021-07-09;164377246727.24405
2021-07-10;163832552727.4954
2021-07-11;164202895880.45584
2021-07-12;161433247404.48782
2021-07-13;159728415164.35678
2021-07-14;160104397723.98822
2021-07-15;158599535215.81436
2021-07-16;157748446867.17038
2021-07-17;157985185206.00476
2021-07-18;157591126537.40182
2021-07-19;156254163916.06094
2021-07-20;155435083344.71884
2021-07-21;158328350978.40335
2021-07-22;159101563948.33365
2021-07-23;160692415896.26355
2021-07-24;161766339843.15335
2021-07-25;162018981976.18665
2021-07-26;163490049205.2117
2021-07-27;164513949154.97665
2021-07-28;165203679689.23398
2021-07-29;167009036401.80487
2021-07-30;169495150301.893
2021-07-31;171596228063.24496
2021-08-01;172337807237.32614
2021-08-02;173716028981.40778
2021-08-03;172326386336.5468
2021-08-04;177846163462.8786
2021-08-05;180489420458.18784
2021-08-06;182249317901.62128
2021-08-07;187283867800.87064
2021-08-08;186075713095.06403
2021-08-09;189340007075.48984
2021-08-10;189697119960.6643
2021-08-11;191286068739.68985
2021-08-12;189594181257.3777
2021-08-13;194772896420.44977
2021-08-14;194726354256.25995
2021-08-15;195575437777.55914
2021-08-16;193877932224.4028
2021-08-17;191821790857.42645
2021-08-18;192116524910.94208
2021-08-19;194430542511.9341
2021-08-20;196739666288.9798
2021-08-21;196350513496.0015
2021-08-22;196617175238.24805
2021-08-23;198673988544.45575
2021-08-24;197640179109.25385
2021-08-25;199283096461.9082
2021-08-26;197889049883.0473
2021-08-27;200787075571.30502
2021-08-28;200746880405.58917
2021-08-29;200510910316.5194
2021-08-30;200830834128.58997
2021-08-31;204953382976.16754
2021-09-01;214785743326.01987
2021-09-02;217897856814.6868
2021-09-03;220945414423.614
2021-09-04;221053638772.9358
2021-09-05;222442015699.6193
2021-09-06;222607757342.3107
2021-09-07;213271859933.41565
2021-09-08;214871456939.12515
2021-09-09;213706373008.18866
2021-09-10;209449538477.0894
2021-09-11;210184639861.17056
2021-09-12;212784076204.7184
2021-09-13;210984892964.98938
2021-09-14;213183214020.43817
2021-09-15;215319512658.9632
2021-09-16;215446203775.61966
2021-09-17;213475279492.7891
2021-09-18;213923554521.5791
2021-09-19;212274994389.50058
2021-09-20;205106009993.59088
2021-09-21;200512368127.49664
2021-09-22;204571176637.2386
2021-09-23;206068327799.975
2021-09-24;201832351234.47092
2021-09-25;201707665222.7991
2021-09-26;205709444291.83954
2021-09-27;204112404429.1116
2021-09-28;201394895482.46423
2021-09-29;201436970938.91278
2021-09-30;204219765327.00653
2021-10-01;209864643442.57123
2021-10-02;212014073356.395
2021-10-03;213059101707.43546
2021-10-04;213071114890.98157
2021-10-05;215833060600.6492
2021-10-06;217608685121.16702
2021-10-07;217421531672.0235
2021-10-08;217324623512.59387
2021-10-09;217810568891.1297
2021-10-10;215510056770.98093
2021-10-11;218452434031.07
2021-10-12;218158598222.09726
2021-10-13;220259211533.21344
2021-10-14;225515979322.77084
2021-10-15;228298428915.46655
2021-10-16;228227167545.94113
2021-10-17;228471897901.6381
2021-10-18;227244840309.81754
2021-10-19;229929140075.02283
2021-10-20;237277884243.4848
2021-10-21;237256105627.40622
2021-10-22;235177250448.77283
2021-10-23;238777028624.38306
2021-10-24;237709505127.17667
2021-10-25;240908818485.53186
2021-10-26;240007028202.11224
2021-10-27;237251967093.23026
2021-10-28;243630469038.7762
2021-10-29;247946685612.16486
2021-10-30;246522909487.45633
2021-10-31;246436330976.39288
2021-11-01;247368065949.35895
2021-11-02;252578749702.8846
2021-11-03;254651761579.90472
2021-11-04;257489760517.5291
2021-11-05;257364192691.13898
2021-11-06;257936129774.91647
2021-11-07;260046028202.62997
2021-11-08;265045836156.1357
2021-11-09;265257092053.7086
2021-11-10;263923228445.12967
2021-11-11;266696957672.1796
2021-11-12;266659035900.88776
2021-11-13;266635178176.3917
2021-11-14;266279790360.96994
2021-11-15;273535283363.61548
2021-11-16;267550383654.0507
2021-11-17;267804696236.46744
2021-11-18;262578179352.56256
2021-11-19;267707487764.58942
2021-11-20;269097223045.48923
2021-11-21;267694534755.3959
2021-11-22;263792389357.62335
2021-11-23;268277140585.18588
2021-11-24;267511813940.39438
2021-11-25;272612683845.2789
2021-11-26;263833199507.07034
2021-11-27;264342218993.0624
2021-11-28;267726483073.40048
2021-11-29;271006004527.88297
2021-11-30;275379051756.7773
2021-12-01;274975910141.24396
2021-12-02;274528375132.9647
2021-12-03;269476993352.63736
2021-12-04;267313131383.02036
2021-12-05;268831658954.7812
2021-12-06;271568697518.09314
2021-12-07;271127500680.33176
2021-12-08;274270146887.14777
2021-12-09;269644378827.73776
2021-12-10;265486817698.13824
2021-12-11;267694594168.1829
2021-12-12;268419341717.27145
2021-12-13;262187903157.51743
2021-12-14;263194851530.77554
2021-12-15;266157817253.9464
2021-12-16;265641402384.30457
2021-12-17;263842648436.6828
2021-12-18;265020451131.46503
2021-12-19;264562379931.29462
2021-12-20;264674155063.0692
2021-12-21;266323333957.02933
2021-12-22;265725460248.9046
2021-12-23;267818383523.2718
2021-12-24;267032790987.4733
2021-12-25;268788992744.98862
2021-12-26;268390230633.14996
2021-12-27;268318846962.33588
2021-12-28;263538238251.64194
2021-12-29;260248732281.8315
2021-12-30;262510100801.36172
2021-12-31;261447801672.94
2022-01-01;262596952298.77335
2022-01-02;263840757288.72534
2022-01-03;262705287083.67346
2022-01-04;262904215909.31
2022-01-05;258287838724.6337
2022-01-06;255210829883.15607
2022-01-07;249567310453.33185
2022-01-08;247711052849.51157
2022-01-09;248517164604.42493
2022-01-10;246770170178.00195
2022-01-11;249333115033.76532
2022-01-12;251479747667.0268
2022-01-13;249272556689.7199
2022-01-14;249775818238.37158
2022-01-15;250221817393.79816
2022-01-16;250724265644.69623
2022-01-17;247746957943.64798
2022-01-18;246927373886.19003
2022-01-19;242644747195.19733
2022-01-20;240703268264.15308
2022-01-21;232017006220.92874
2022-01-22;227569147112.24274
2022-01-23;229168763291.85574
2022-01-24;226451111754.54865
2022-01-25;226059384869.19254
2022-01-26;225432022075.65155
2022-01-27;223779848310.73608
2022-01-28;225716283685.02936
2022-01-29;226382761232.99838
2022-01-30;226500562611.12885
2022-01-31;227679232172.9718
2022-02-01;229691948490.87604
2022-02-02;227699741615.70804
2022-02-03;227149945000.7911
2022-02-04;232123371702.14865
2022-02-05;233065388742.20877
2022-02-06;232195701152.31125
2022-02-07;234444490919.17877
2022-02-08;234295285504.97665
2022-02-09;236587336047.25516
2022-02-10;234022716596.82596
2022-02-11;231421180809.5669
2022-02-12;231046450659.07034
2022-02-13;230481473486.66815
2022-02-14;231184386077.0942
2022-02-15;235297895704.55652
2022-02-16;235001851173.12112
2022-02-17;230754226121.24796
2022-02-18;228501893254.66803
2022-02-19;227897642605.644
2022-02-20;225803518941.53036
2022-02-21;224471817158.09927
2022-02-22;225176880599.53632
2022-02-23;223998527226.78665
2022-02-24;223635054751.65506
2022-02-25;227028488200.93076
2022-02-26;226811073408.1502
2022-02-27;224095896651.62933
2022-02-28;228928369057.6172
2022-03-01;229772944914.8236
2022-03-02;230053690767.31998
2022-03-03;228457270779.89954
2022-03-04;224430574228.15088
2022-03-05;224945485467.63214
2022-03-06;223331903746.24203
2022-03-07;220714556896.70673
2022-03-08;221378798218.98788
2022-03-09;223855322754.13266
2022-03-10;221778813926.2764
2022-03-11;220759926806.70627
2022-03-12;220901566906.40945
2022-03-13;219851400504.50543
2022-03-14;220759006197.89597
2022-03-15;221624332027.40036
2022-03-16;223995396870.4476
2022-03-17;224689578729.60132
2022-03-18;226752552778.63538
2022-03-19;226816804306.79785
2022-03-20;225524133872.576
2022-03-21;226079850317.48474
2022-03-22;227544064733.88425
2022-03-23;229255791489.22678
2022-03-24;232084824035.81046
2022-03-25;232091971883.3652
2022-03-26;232865290762.36526
2022-03-27;235899771702.92688
2022-03-28;238341377425.20383
2022-03-29;238780531021.37164
2022-03-30;239185666846.05212
2022-03-31;237368692253.20337
2022-04-01;240419707383.95648
2022-04-02;240745033262.29388
2022-04-03;241861936575.8905
2022-04-04;243074658381.3347
2022-04-05;241486422046.30438
2022-04-06;237480898458.31613
2022-04-07;237725608723.9176
2022-04-08;236728470082.9994
2022-04-09;237772896363.9584
2022-04-10;237143421859.0079
2022-04-11;233403443786.01196
2022-04-12;233849647768.9338
2022-04-13;234993046308.65405
2022-04-14;233367933609.22037
2022-04-15;233302235714.904
2022-04-16;233615349292.9806
2022-04-17;232663674361.99878
2022-04-18;233619663433.09207
2022-04-19;233380082812.44937
2022-04-20;233794596416.80276
2022-04-21;231916319331.26068
2022-04-22;231210928463.81992
2022-04-23;230822385698.77612
2022-04-24;230523046576.50235
2022-04-25;231956917727.5303
2022-04-26;228178229434.92572
2022-04-27;229123999561.3989
2022-04-28;229868118437.01773
2022-04-29;227786321099.8593
2022-04-30;226217682819.3552
2022-05-01;227236980959.30862
2022-05-02;227539305488.1116
2022-05-03;226252527293.96933
2022-05-04;228642757975.135
2022-05-05;225371652926.22522
2022-05-06;224295447110.3896
2022-05-07;223316772948.61057
2022-05-08;219856083994.49268
2022-05-09;214896093984.1941
2022-05-10;215245304938.08292
2022-05-11;210032722646.42737
2022-05-12;206294762068.96378
2022-05-13;205980504987.84647
2022-05-14;206350486952.10605
2022-05-15;207454671982.25958
2022-05-16;205849056104.6718
2022-05-17;205598025017.93692
2022-05-18;202561885821.52414
2022-05-19;203609844937.9343
2022-05-20;202593327583.87143
2022-05-21;202624507882.72653
2022-05-22;203496630542.70166
2022-05-23;202101177175.71625
2022-05-24;200536544377.6958
2022-05-25;199871856761.695
2022-05-26;197034324910.5909
2022-05-27;194635687992.40512
2022-05-28;195489551960.59357
2022-05-29;195827692969.15176
2022-05-30;197718502323.96936
2022-05-31;196999883186.4514
2022-06-01;194562099643.57236
2022-06-02;194177670860.88373
2022-06-03;192786697762.60013
2022-06-04;192994864994.6398
2022-06-05;192964796703.4852
2022-06-06;193324800648.21512
2022-06-07;192593724419.13083
2022-06-08;192212245332.29083
2022-06-09;191708358466.57703
2022-06-10;189437918498.66647
2022-06-11;186949279392.60156
2022-06-12;185445830735.3115
2022-06-13;179672636744.82486
2022-06-14;178782919739.29785
2022-06-15;178037521140.90674
2022-06-16;174144560767.96628
2022-06-17;173978824038.80725
2022-06-18;171873348947.45224
2022-06-19;173600745989.54248
2022-06-20;173092856905.82974
2022-06-21;172830190346.82907
2022-06-22;171078730074.8659
2022-06-23;171814718950.49725
2022-06-24;172002745109.82858
2022-06-25;172064165729.62604
2022-06-26;171546957510.8150